{
  "mode": "drift",
  "MAE": 0.15893577360781128,
  "RMSE": 0.17140474848901024,
  "drift_updates": 23
}