{
  "mode": "periodic",
  "MAE": 0.2399782406841197,
  "RMSE": 0.2545991663007435
}