{
  "mode": "static",
  "MAE": 0.3116092190811512,
  "RMSE": 0.329370852120011
}